measure_id,measure_name,location_id,location_name,sex_id,sex_name,age_id,age_name,cause_id,cause_name,metric_id,metric_name,year,val,upper,lower
2,DALYs (Disability-Adjusted Life Years),6,China,1,Male,1,<5 years,494,Stroke,3,Rate,2021,35.65935650373749,50.14778911551587,25.567135689370172
2,DALYs (Disability-Adjusted Life Years),6,China,2,Female,1,<5 years,494,Stroke,3,Rate,2021,31.255212927396357,43.18179957630406,22.518624956176016
2,DALYs (Disability-Adjusted Life Years),6,China,1,Male,6,5-9 years,494,Stroke,3,Rate,2021,32.93582911304254,41.620971970424016,25.34547236888662
2,DALYs (Disability-Adjusted Life Years),6,China,2,Female,6,5-9 years,494,Stroke,3,Rate,2021,33.61053126188124,41.59402776259277,25.75962650223923
2,DALYs (Disability-Adjusted Life Years),6,China,1,Male,7,10-14 years,494,Stroke,3,Rate,2021,41.156824217660024,50.37804587985018,32.417396046703104
2,DALYs (Disability-Adjusted Life Years),6,China,2,Female,7,10-14 years,494,Stroke,3,Rate,2021,46.52314416604633,57.545097144605656,35.16260955857071
2,DALYs (Disability-Adjusted Life Years),6,China,1,Male,8,15-19 years,494,Stroke,3,Rate,2021,131.3188830005783,159.80255001528525,103.11666649161974
2,DALYs (Disability-Adjusted Life Years),6,China,2,Female,8,15-19 years,494,Stroke,3,Rate,2021,94.50363381841389,113.25731663718486,75.33347402226384
2,DALYs (Disability-Adjusted Life Years),6,China,1,Male,9,20-24 years,494,Stroke,3,Rate,2021,235.38862292673016,288.44087699393754,189.9443061047046
2,DALYs (Disability-Adjusted Life Years),6,China,2,Female,9,20-24 years,494,Stroke,3,Rate,2021,135.68413204438207,166.65197748390503,108.68529870294974
2,DALYs (Disability-Adjusted Life Years),6,China,1,Male,10,25-29 years,494,Stroke,3,Rate,2021,320.89421489517173,371.675837829414,267.5936655128879
2,DALYs (Disability-Adjusted Life Years),6,China,2,Female,10,25-29 years,494,Stroke,3,Rate,2021,162.66998446437864,201.26015242476004,126.98725173942819
2,DALYs (Disability-Adjusted Life Years),6,China,1,Male,11,30-34 years,494,Stroke,3,Rate,2021,567.9830704817266,676.0949724711835,474.3175726570289
2,DALYs (Disability-Adjusted Life Years),6,China,2,Female,11,30-34 years,494,Stroke,3,Rate,2021,237.0145353798239,289.36809719909746,187.1315193841708
2,DALYs (Disability-Adjusted Life Years),6,China,1,Male,12,35-39 years,494,Stroke,3,Rate,2021,963.2887671434104,1160.3287793621325,781.1628637016911
2,DALYs (Disability-Adjusted Life Years),6,China,2,Female,12,35-39 years,494,Stroke,3,Rate,2021,387.2941994161717,474.99903133091675,305.7690176984081
2,DALYs (Disability-Adjusted Life Years),6,China,1,Male,13,40-44 years,494,Stroke,3,Rate,2021,1686.7310676129846,2087.6593341561925,1355.7902272336394
2,DALYs (Disability-Adjusted Life Years),6,China,2,Female,13,40-44 years,494,Stroke,3,Rate,2021,705.0485367179318,875.658116281538,562.253634669594
2,DALYs (Disability-Adjusted Life Years),6,China,1,Male,14,45-49 years,494,Stroke,3,Rate,2021,2259.0450506099564,2878.939136367892,1751.5399302567582
2,DALYs (Disability-Adjusted Life Years),6,China,2,Female,14,45-49 years,494,Stroke,3,Rate,2021,1081.7994503320817,1339.3423726635056,856.6691667328862
2,DALYs (Disability-Adjusted Life Years),6,China,1,Male,15,50-54 years,494,Stroke,3,Rate,2021,3676.0429963071892,4707.980532404007,2845.80934990087
2,DALYs (Disability-Adjusted Life Years),6,China,2,Female,15,50-54 years,494,Stroke,3,Rate,2021,1960.384501424769,2461.1312144660224,1554.4570493405306
2,DALYs (Disability-Adjusted Life Years),6,China,1,Male,16,55-59 years,494,Stroke,3,Rate,2021,5315.277487946418,6818.594798388574,4097.312327900765
2,DALYs (Disability-Adjusted Life Years),6,China,2,Female,16,55-59 years,494,Stroke,3,Rate,2021,3010.397873523574,3807.532944326686,2375.5940902117954
2,DALYs (Disability-Adjusted Life Years),6,China,1,Male,17,60-64 years,494,Stroke,3,Rate,2021,8170.408204089736,10291.34339189959,6276.8485186609005
2,DALYs (Disability-Adjusted Life Years),6,China,2,Female,17,60-64 years,494,Stroke,3,Rate,2021,4744.326078888077,5851.96905031406,3813.9400459384005
2,DALYs (Disability-Adjusted Life Years),6,China,1,Male,18,65-69 years,494,Stroke,3,Rate,2021,12127.94711629681,15373.732771483677,9529.144395997351
2,DALYs (Disability-Adjusted Life Years),6,China,2,Female,18,65-69 years,494,Stroke,3,Rate,2021,7567.5940414458855,9188.322379221465,6123.783405623139
2,DALYs (Disability-Adjusted Life Years),6,China,1,Male,19,70-74 years,494,Stroke,3,Rate,2021,19711.95470872419,24308.23225494696,15638.31155946841
2,DALYs (Disability-Adjusted Life Years),6,China,2,Female,19,70-74 years,494,Stroke,3,Rate,2021,12515.681511520072,15024.668574056443,10149.815553544586
2,DALYs (Disability-Adjusted Life Years),6,China,1,Male,20,75-79 years,494,Stroke,3,Rate,2021,27959.802489472586,33970.85418984727,22702.484903266024
2,DALYs (Disability-Adjusted Life Years),6,China,2,Female,20,75-79 years,494,Stroke,3,Rate,2021,17741.03798106431,21442.164078671856,14446.547022167646
2,DALYs (Disability-Adjusted Life Years),6,China,1,Male,21,80+ years,494,Stroke,3,Rate,2021,48834.27343158718,56967.83743447765,40877.62362407013
2,DALYs (Disability-Adjusted Life Years),6,China,2,Female,21,80+ years,494,Stroke,3,Rate,2021,29554.936916545586,35829.22238423592,22839.07787968594
2,DALYs (Disability-Adjusted Life Years),6,China,1,Male,23,5-14 years,494,Stroke,3,Rate,2021,36.83640628697525,45.09062032140885,28.85935723178696
2,DALYs (Disability-Adjusted Life Years),6,China,2,Female,23,5-14 years,494,Stroke,3,Rate,2021,39.715501497428164,48.69088134639287,30.518399178284785
2,DALYs (Disability-Adjusted Life Years),6,China,1,Male,24,15-49 years,494,Stroke,3,Rate,2021,936.7882620331324,1148.4754920961886,757.4015277346768
2,DALYs (Disability-Adjusted Life Years),6,China,2,Female,24,15-49 years,494,Stroke,3,Rate,2021,434.77729400277735,529.2283745124197,347.27944629049875
2,DALYs (Disability-Adjusted Life Years),6,China,1,Male,25,50-69 years,494,Stroke,3,Rate,2021,6688.544719912487,8447.411056450357,5239.311484153683
2,DALYs (Disability-Adjusted Life Years),6,China,2,Female,25,50-69 years,494,Stroke,3,Rate,2021,3946.329000835727,4859.698710852567,3174.832936461424
2,DALYs (Disability-Adjusted Life Years),6,China,1,Male,26,70+ years,494,Stroke,3,Rate,2021,29057.913240102283,34921.80284775489,23996.469849032488
2,DALYs (Disability-Adjusted Life Years),6,China,2,Female,26,70+ years,494,Stroke,3,Rate,2021,19139.557624935092,23035.571647021923,15373.239528875421
2,DALYs (Disability-Adjusted Life Years),6,China,1,Male,28,<1 year,494,Stroke,3,Rate,2021,138.47880825395015,202.61846975417527,95.41344202806393
2,DALYs (Disability-Adjusted Life Years),6,China,2,Female,28,<1 year,494,Stroke,3,Rate,2021,106.02638320678409,156.2736559110746,71.24184268072615
2,DALYs (Disability-Adjusted Life Years),6,China,1,Male,30,80-84 years,494,Stroke,3,Rate,2021,38769.76550698277,45917.18890650905,31925.507816721198
2,DALYs (Disability-Adjusted Life Years),6,China,2,Female,30,80-84 years,494,Stroke,3,Rate,2021,25948.688496243838,31171.461914856412,20658.996052165163
2,DALYs (Disability-Adjusted Life Years),6,China,1,Male,31,85-89 years,494,Stroke,3,Rate,2021,65463.32122375201,74198.98409213632,56244.856562980116
2,DALYs (Disability-Adjusted Life Years),6,China,2,Female,31,85-89 years,494,Stroke,3,Rate,2021,31483.513862069485,38765.46828609088,23709.98159657271
2,DALYs (Disability-Adjusted Life Years),6,China,1,Male,32,90-94 years,494,Stroke,3,Rate,2021,82715.10356709399,96977.15809276084,68718.44229400526
2,DALYs (Disability-Adjusted Life Years),6,China,2,Female,32,90-94 years,494,Stroke,3,Rate,2021,38589.39632208772,46680.43267521384,29588.45287496093
2,DALYs (Disability-Adjusted Life Years),6,China,1,Male,34,2-4 years,494,Stroke,3,Rate,2021,12.12740412702418,15.8537059819897,8.902614633989938
2,DALYs (Disability-Adjusted Life Years),6,China,2,Female,34,2-4 years,494,Stroke,3,Rate,2021,14.131604309632035,17.7811517876206,10.619477259799812
2,DALYs (Disability-Adjusted Life Years),6,China,1,Male,37,20+ years,494,Stroke,3,Rate,2021,5780.169485674355,7082.2061068641615,4667.735309159338
2,DALYs (Disability-Adjusted Life Years),6,China,2,Female,37,20+ years,494,Stroke,3,Rate,2021,3942.6465617135477,4765.78412556352,3215.139597751941
2,DALYs (Disability-Adjusted Life Years),6,China,1,Male,41,50-74 years,494,Stroke,3,Rate,2021,8245.747562573863,10381.284024061444,6483.110469363834
2,DALYs (Disability-Adjusted Life Years),6,China,2,Female,41,50-74 years,494,Stroke,3,Rate,2021,5027.146233403112,6114.756498272338,4072.437455182433
2,DALYs (Disability-Adjusted Life Years),6,China,1,Male,157,25+ years,494,Stroke,3,Rate,2021,6202.255770673631,7601.694409183091,5008.818059356781
2,DALYs (Disability-Adjusted Life Years),6,China,2,Female,157,25+ years,494,Stroke,3,Rate,2021,4201.432116868089,5078.834946579236,3426.007877440286
2,DALYs (Disability-Adjusted Life Years),6,China,1,Male,158,<20 years,494,Stroke,3,Rate,2021,57.76081095641869,69.440728600802,46.51123335301242
2,DALYs (Disability-Adjusted Life Years),6,China,2,Female,158,<20 years,494,Stroke,3,Rate,2021,49.93167174476412,59.86616479029728,39.37968736716832
2,DALYs (Disability-Adjusted Life Years),6,China,1,Male,159,10-24 years,494,Stroke,3,Rate,2021,130.50372602885625,156.91602162029773,105.91793724052332
2,DALYs (Disability-Adjusted Life Years),6,China,2,Female,159,10-24 years,494,Stroke,3,Rate,2021,89.77321287564368,107.73336057313199,71.18123829489798
2,DALYs (Disability-Adjusted Life Years),6,China,1,Male,160,85+ years,494,Stroke,3,Rate,2021,68629.19961396398,77973.2603052631,58528.844239034595
2,DALYs (Disability-Adjusted Life Years),6,China,2,Female,160,85+ years,494,Stroke,3,Rate,2021,34170.36087026891,41848.29907540401,25878.929417820345
2,DALYs (Disability-Adjusted Life Years),6,China,1,Male,162,10-19 years,494,Stroke,3,Rate,2021,83.1427145767588,99.8566862499575,66.48864402218648
2,DALYs (Disability-Adjusted Life Years),6,China,2,Female,162,10-19 years,494,Stroke,3,Rate,2021,68.71352032682324,82.76867776235565,53.91409456368797
2,DALYs (Disability-Adjusted Life Years),6,China,1,Male,169,10 - 54 years,494,Stroke,3,Rate,2021,1216.3507956328729,1523.3101421817435,962.0270978149222
2,DALYs (Disability-Adjusted Life Years),6,China,2,Female,169,10 - 54 years,494,Stroke,3,Rate,2021,615.1293090173074,756.4662916104008,488.98532556884754
2,DALYs (Disability-Adjusted Life Years),6,China,1,Male,197,15-39 years,494,Stroke,3,Rate,2021,484.3389526433492,573.210169977205,400.8298369337866
2,DALYs (Disability-Adjusted Life Years),6,China,2,Female,197,15-39 years,494,Stroke,3,Rate,2021,220.22942943331418,267.84458431999485,175.3640045999341
2,DALYs (Disability-Adjusted Life Years),6,China,1,Male,228,55+ years,494,Stroke,3,Rate,2021,14329.265996047974,17558.67191387373,11639.40958274991
2,DALYs (Disability-Adjusted Life Years),6,China,2,Female,228,55+ years,494,Stroke,3,Rate,2021,9595.50667812671,11586.195109626975,7811.3126475960635
2,DALYs (Disability-Adjusted Life Years),6,China,1,Male,232,65-74 years,494,Stroke,3,Rate,2021,15211.380879528868,19063.586019215112,12093.344850925901
2,DALYs (Disability-Adjusted Life Years),6,China,2,Female,232,65-74 years,494,Stroke,3,Rate,2021,9612.298373290516,11542.714283310397,7822.824463684935
2,DALYs (Disability-Adjusted Life Years),6,China,1,Male,234,75+ years,494,Stroke,3,Rate,2021,37481.39561996924,44592.09458301745,31283.06375303961
2,DALYs (Disability-Adjusted Life Years),6,China,2,Female,234,75+ years,494,Stroke,3,Rate,2021,24009.898416615786,29041.11954097514,18939.362380137263
2,DALYs (Disability-Adjusted Life Years),6,China,1,Male,235,95+ years,494,Stroke,3,Rate,2021,65545.01306061032,74222.48008498288,54524.22804043482
2,DALYs (Disability-Adjusted Life Years),6,China,2,Female,235,95+ years,494,Stroke,3,Rate,2021,47408.22257803849,59053.77461604892,34925.96512118496
2,DALYs (Disability-Adjusted Life Years),6,China,1,Male,243,75-84 years,494,Stroke,3,Rate,2021,31822.495237719057,38237.66367421647,26124.38184105228
2,DALYs (Disability-Adjusted Life Years),6,China,2,Female,243,75-84 years,494,Stroke,3,Rate,2021,20927.649235777997,25119.06412312653,16903.552531842637
2,DALYs (Disability-Adjusted Life Years),6,China,1,Male,284,20-54 years,494,Stroke,3,Rate,2021,1483.1040310202468,1857.9421207948928,1171.9443291901655
2,DALYs (Disability-Adjusted Life Years),6,China,2,Female,284,20-54 years,494,Stroke,3,Rate,2021,733.9868528850188,904.8642935349591,583.6465844347523
2,DALYs (Disability-Adjusted Life Years),6,China,1,Male,420,<70 years,494,Stroke,3,Rate,2021,2377.3828729086913,2993.551653023753,1875.2368975900351
2,DALYs (Disability-Adjusted Life Years),6,China,2,Female,420,<70 years,494,Stroke,3,Rate,2021,1418.2665070790165,1738.923743973589,1145.1910863392984